Workbook

Sheet Raw Data
A1: PORTFOLIO RAW DATA - ALL INPUTS
A2: DATA SOURCE: Hypothetical portfolio data for educational purposes
A4: TABLE 1: PORTFOLIO HOLDINGS
A5: Ticker | B5: Company Name | C5: Sector | D5: Shares | E5: Purchase Price | F5: Current Price
A6: AAPL | B6: Apple Inc. | C6: Technology | D6: 150 | E6: 150 | F6: 185.5
A7: MSFT | B7: Microsoft Corp. | C7: Technology | D7: 100 | E7: 250 | F7: 310.25
A8: JNJ | B8: Johnson & Johnson | C8: Healthcare | D8: 80 | E8: 160 | F8: 168.75
A9: JPM | B9: JPMorgan Chase | C9: Financial Services | D9: 120 | E9: 140 | F9: 152.3
A10: XOM | B10: Exxon Mobil | C10: Energy | D10: 200 | E10: 105 | F10: 112.8
A11: PG | B11: Procter & Gamble | C11: Consumer Staples | D11: 90 | E11: 145 | F11: 156.9
A12: AMZN | B12: Amazon.com Inc. | C12: Consumer Discretionary | D12: 60 | E12: 145 | F12: 162.35
A13: V | B13: Visa Inc. | C13: Financial Services | D13: 70 | E13: 230 | F13: 248.6
A14: UNH | B14: UnitedHealth Group | C14: Healthcare | D14: 50 | E14: 480 | F14: 512.4
A15: T | B15: AT&T Inc. | C15: Communication Services | D15: 400 | E15: 18 | F15: 19.25
A18: TABLE 2: MONTHLY RETURNS DATA (Percentages)
A19: Ticker | B19: Jan | C19: Feb | D19: Mar | E19: Apr | F19: May | G19: Jun | H19: Jul | I19: Aug | J19: Sep | K19: Oct | L19: Nov | M19: Dec
A20: AAPL | B20: 5.1 | C20: 2.5 | D20: 6.4 | E20: -1.2 | F20: 4.8 | G20: 4.4 | H20: 2.2 | I20: 4.6 | J20: -0.8 | K20: 3.3 | L20: 3.7 | M20: 3.2
A21: MSFT | B21: 5.5 | C21: 3.1 | D21: 7.2 | E21: -1.5 | F21: 5.2 | G21: 4.1 | H21: 2.8 | I21: 5.1 | J21: -1.1 | K21: 3.8 | L21: 4.2 | M21: 3.6
A22: JNJ | B22: 1.8 | C22: 1.2 | D22: 2.5 | E22: -0.8 | F22: 2.2 | G22: 1.9 | H22: 1.1 | I22: 2 | J22: -0.5 | K22: 1.5 | L22: 1.8 | M22: 1.4
A23: JPM | B23: 4.2 | C23: 2.1 | D23: 5.5 | E23: -1.8 | F23: 3.8 | G23: 3.5 | H23: 1.9 | I23: 3.9 | J23: -1.2 | K23: 2.8 | L23: 3.2 | M23: 2.6
A24: XOM | B24: 3.5 | C24: 1.8 | D24: 4.8 | E24: -2.2 | F24: 3.1 | G24: 2.8 | H24: 1.5 | I24: 3.2 | J24: -1.5 | K24: 2.4 | L24: 2.7 | M24: 2.1
A25: PG | B25: 2.8 | C25: 1.5 | D25: 3.5 | E25: -1 | F25: 2.5 | G25: 2.2 | H25: 1.3 | I25: 2.4 | J25: -0.7 | K25: 1.9 | L25: 2.1 | M25: 1.7
A26: AMZN | B26: 6.2 | C26: 3.5 | D26: 7.8 | E26: -2.5 | F26: 5.5 | G26: 4.8 | H26: 3.2 | I26: 5.4 | J26: -1.8 | K26: 4.1 | L26: 4.6 | M26: 3.8
A27: V | B27: 4.5 | C27: 2.4 | D27: 5.8 | E27: -1.4 | F27: 4.1 | G27: 3.7 | H27: 2.1 | I27: 4.2 | J27: -1 | K27: 3.1 | L27: 3.5 | M27: 2.9
A28: UNH | B28: 3.8 | C28: 2 | D28: 5.1 | E28: -1.6 | F28: 3.5 | G28: 3.1 | H28: 1.8 | I28: 3.6 | J28: -1.1 | K28: 2.7 | L28: 3 | M28: 2.5
A29: T | B29: 2.5 | C29: 1.3 | D29: 3.2 | E29: -0.9 | F29: 2.3 | G29: 2 | H29: 1.2 | I29: 2.2 | J29: -0.6 | K29: 1.7 | L29: 1.9 | M29: 1.5
A30: S&P 500 | B30: 4.5 | C30: 2.3 | D30: 5.8 | E30: -1.6 | F30: 4.2 | G30: 3.8 | H30: 2 | I30: 4.3 | J30: -1.2 | K30: 3 | L30: 3.4 | M30: 2.8
A32: TABLE 3: ASSUMPTIONS
A33: Parameter | B33: Value
A34: Risk-Free Rate (Annual) | B34: 4.5
A35: Source | B35: US Treasury 3-Month T-Bill

Sheet Return Calculations
A1: PORTFOLIO RETURN CALCULATIONS
A2: All calculations reference Raw Data sheet
A4: SECTION 1: INDIVIDUAL POSITION RETURNS
A5: Formula: Total Return % = (Current Value - Initial Value) / Initial Value × 100
A6: Ticker | B6: Shares | C6: Purchase Price | D6: Current Price | E6: Initial Value | F6: Current Value | G6: Gain/Loss $ | H6: Return % | I6: Formula Shown
A7: ='Raw Data'!A6 -> AAPL | B7: ='Raw Data'!D6 -> 150 | C7: ='Raw Data'!E6 -> 150 | D7: ='Raw Data'!F6 -> 185.5 | E7: =B7*C7 -> 22500 | F7: =B7*D7 -> 27825 | G7: =F7-E7 -> 5325 | H7: =(F7-E7)/E7 -> 0.23666667 | I7: =(F7-E7)/E7 -> 0.23666667
A8: ='Raw Data'!A7 -> MSFT | B8: ='Raw Data'!D7 -> 100 | C8: ='Raw Data'!E7 -> 250 | D8: ='Raw Data'!F7 -> 310.25 | E8: =B8*C8 -> 25000 | F8: =B8*D8 -> 31025 | G8: =F8-E8 -> 6025 | H8: =(F8-E8)/E8 -> 0.241 | I8: =(F8-E8)/E8 -> 0.241
A9: ='Raw Data'!A8 -> JNJ | B9: ='Raw Data'!D8 -> 80 | C9: ='Raw Data'!E8 -> 160 | D9: ='Raw Data'!F8 -> 168.75 | E9: =B9*C9 -> 12800 | F9: =B9*D9 -> 13500 | G9: =F9-E9 -> 700 | H9: =(F9-E9)/E9 -> 0.0546875 | I9: =(F9-E9)/E9 -> 0.0546875
A10: ='Raw Data'!A9 -> JPM | B10: ='Raw Data'!D9 -> 120 | C10: ='Raw Data'!E9 -> 140 | D10: ='Raw Data'!F9 -> 152.3 | E10: =B10*C10 -> 16800 | F10: =B10*D10 -> 18276 | G10: =F10-E10 -> 1476 | H10: =(F10-E10)/E10 -> 0.087857143 | I10: =(F10-E10)/E10 -> 0.087857143
A11: ='Raw Data'!A10 -> XOM | B11: ='Raw Data'!D10 -> 200 | C11: ='Raw Data'!E10 -> 105 | D11: ='Raw Data'!F10 -> 112.8 | E11: =B11*C11 -> 21000 | F11: =B11*D11 -> 22560 | G11: =F11-E11 -> 1560 | H11: =(F11-E11)/E11 -> 0.074285714 | I11: =(F11-E11)/E11 -> 0.074285714
A12: ='Raw Data'!A11 -> PG | B12: ='Raw Data'!D11 -> 90 | C12: ='Raw Data'!E11 -> 145 | D12: ='Raw Data'!F11 -> 156.9 | E12: =B12*C12 -> 13050 | F12: =B12*D12 -> 14121 | G12: =F12-E12 -> 1071 | H12: =(F12-E12)/E12 -> 0.082068966 | I12: =(F12-E12)/E12 -> 0.082068966
A13: ='Raw Data'!A12 -> AMZN | B13: ='Raw Data'!D12 -> 60 | C13: ='Raw Data'!E12 -> 145 | D13: ='Raw Data'!F12 -> 162.35 | E13: =B13*C13 -> 8700 | F13: =B13*D13 -> 9741 | G13: =F13-E13 -> 1041 | H13: =(F13-E13)/E13 -> 0.11965517 | I13: =(F13-E13)/E13 -> 0.11965517
A14: ='Raw Data'!A13 -> V | B14: ='Raw Data'!D13 -> 70 | C14: ='Raw Data'!E13 -> 230 | D14: ='Raw Data'!F13 -> 248.6 | E14: =B14*C14 -> 16100 | F14: =B14*D14 -> 17402 | G14: =F14-E14 -> 1302 | H14: =(F14-E14)/E14 -> 0.080869565 | I14: =(F14-E14)/E14 -> 0.080869565
A15: ='Raw Data'!A14 -> UNH | B15: ='Raw Data'!D14 -> 50 | C15: ='Raw Data'!E14 -> 480 | D15: ='Raw Data'!F14 -> 512.4 | E15: =B15*C15 -> 24000 | F15: =B15*D15 -> 25620 | G15: =F15-E15 -> 1620 | H15: =(F15-E15)/E15 -> 0.0675 | I15: =(F15-E15)/E15 -> 0.0675
A16: ='Raw Data'!A15 -> T | B16: ='Raw Data'!D15 -> 400 | C16: ='Raw Data'!E15 -> 18 | D16: ='Raw Data'!F15 -> 19.25 | E16: =B16*C16 -> 7200 | F16: =B16*D16 -> 7700 | G16: =F16-E16 -> 500 | H16: =(F16-E16)/E16 -> 0.069444444 | I16: =(F16-E16)/E16 -> 0.069444444
A17: TOTAL PORTFOLIO | E17: =SUM(E7:E16) -> 167150 | F17: =SUM(F7:F16) -> 187770 | G17: =F17-E17 -> 20620 | H17: =(F17-E17)/E17 -> 0.12336225

Sheet Volatility Calculations
A1: PORTFOLIO VOLATILITY & STANDARD DEVIATION
A2: All monthly returns data from Raw Data sheet
A4: SECTION 1: MONTHLY RETURNS (from Raw Data sheet)
A5: Security | B5: Jan | C5: Feb | D5: Mar | E5: Apr | F5: May | G5: Jun | H5: Jul | I5: Aug | J5: Sep | K5: Oct | L5: Nov | M5: Dec | N5: Mean | O5: Std Dev
A6: ='Raw Data'!A21 -> MSFT | B6: ='Raw Data'!B21/100 -> 0.055 | C6: ='Raw Data'!C21/100 -> 0.031 | D6: ='Raw Data'!D21/100 -> 0.072 | E6: ='Raw Data'!E21/100 -> -0.015 | F6: ='Raw Data'!F21/100 -> 0.052 | G6: ='Raw Data'!G21/100 -> 0.041 | H6: ='Raw Data'!H21/100 -> 0.028 | I6: ='Raw Data'!I21/100 -> 0.051 | ... M6: ='Raw Data'!M21/100 -> 0.036 | N6: =AVERAGE(B6:M6) -> 0.035 | O6: =_xlfn.STDEV.S(B6:M6) -> 0.0253879
A7: ='Raw Data'!A22 -> JNJ | B7: ='Raw Data'!B22/100 -> 0.018 | C7: ='Raw Data'!C22/100 -> 0.012 | D7: ='Raw Data'!D22/100 -> 0.025 | E7: ='Raw Data'!E22/100 -> -0.008 | F7: ='Raw Data'!F22/100 -> 0.022 | G7: ='Raw Data'!G22/100 -> 0.019 | H7: ='Raw Data'!H22/100 -> 0.011 | I7: ='Raw Data'!I22/100 -> 0.02 | ... M7: ='Raw Data'!M22/100 -> 0.014 | N7: =AVERAGE(B7:M7) -> 0.013416667 | O7: =_xlfn.STDEV.S(B7:M7) -> 0.010148518
A8: ='Raw Data'!A23 -> JPM | B8: ='Raw Data'!B23/100 -> 0.042 | C8: ='Raw Data'!C23/100 -> 0.021 | D8: ='Raw Data'!D23/100 -> 0.055 | E8: ='Raw Data'!E23/100 -> -0.018 | F8: ='Raw Data'!F23/100 -> 0.038 | G8: ='Raw Data'!G23/100 -> 0.035 | H8: ='Raw Data'!H23/100 -> 0.019 | I8: ='Raw Data'!I23/100 -> 0.039 | ... M8: ='Raw Data'!M23/100 -> 0.026 | N8: =AVERAGE(B8:M8) -> 0.025416667 | O8: =_xlfn.STDEV.S(B8:M8) -> 0.021279347
A9: ='Raw Data'!A24 -> XOM | B9: ='Raw Data'!B24/100 -> 0.035 | C9: ='Raw Data'!C24/100 -> 0.018 | D9: ='Raw Data'!D24/100 -> 0.048 | E9: ='Raw Data'!E24/100 -> -0.022 | F9: ='Raw Data'!F24/100 -> 0.031 | G9: ='Raw Data'!G24/100 -> 0.028 | H9: ='Raw Data'!H24/100 -> 0.015 | I9: ='Raw Data'!I24/100 -> 0.032 | ... M9: ='Raw Data'!M24/100 -> 0.021 | N9: =AVERAGE(B9:M9) -> 0.020166667 | O9: =_xlfn.STDEV.S(B9:M9) -> 0.020049182
A10: ='Raw Data'!A25 -> PG | B10: ='Raw Data'!B25/100 -> 0.028 | C10: ='Raw Data'!C25/100 -> 0.015 | D10: ='Raw Data'!D25/100 -> 0.035 | E10: ='Raw Data'!E25/100 -> -0.01 | F10: ='Raw Data'!F25/100 -> 0.025 | G10: ='Raw Data'!G25/100 -> 0.022 | H10: ='Raw Data'!H25/100 -> 0.013 | I10: ='Raw Data'!I25/100 -> 0.024 | ... M10: ='Raw Data'!M25/100 -> 0.017 | N10: =AVERAGE(B10:M10) -> 0.016833333 | O10: =_xlfn.STDEV.S(B10:M10) -> 0.013237916
A11: ='Raw Data'!A26 -> AMZN | B11: ='Raw Data'!B26/100 -> 0.062 | C11: ='Raw Data'!C26/100 -> 0.035 | D11: ='Raw Data'!D26/100 -> 0.078 | E11: ='Raw Data'!E26/100 -> -0.025 | F11: ='Raw Data'!F26/100 -> 0.055 | G11: ='Raw Data'!G26/100 -> 0.048 | H11: ='Raw Data'!H26/100 -> 0.032 | I11: ='Raw Data'!I26/100 -> 0.054 | ... M11: ='Raw Data'!M26/100 -> 0.038 | N11: =AVERAGE(B11:M11) -> 0.037166667 | O11: =_xlfn.STDEV.S(B11:M11) -> 0.030204856
A12: ='Raw Data'!A27 -> V | B12: ='Raw Data'!B27/100 -> 0.045 | C12: ='Raw Data'!C27/100 -> 0.024 | D12: ='Raw Data'!D27/100 -> 0.058 | E12: ='Raw Data'!E27/100 -> -0.014 | F12: ='Raw Data'!F27/100 -> 0.041 | G12: ='Raw Data'!G27/100 -> 0.037 | H12: ='Raw Data'!H27/100 -> 0.021 | I12: ='Raw Data'!I27/100 -> 0.042 | ... M12: ='Raw Data'!M27/100 -> 0.029 | N12: =AVERAGE(B12:M12) -> 0.02825 | O12: =_xlfn.STDEV.S(B12:M12) -> 0.021247995
A13: ='Raw Data'!A28 -> UNH | B13: ='Raw Data'!B28/100 -> 0.038 | C13: ='Raw Data'!C28/100 -> 0.02 | D13: ='Raw Data'!D28/100 -> 0.051 | E13: ='Raw Data'!E28/100 -> -0.016 | F13: ='Raw Data'!F28/100 -> 0.035 | G13: ='Raw Data'!G28/100 -> 0.031 | H13: ='Raw Data'!H28/100 -> 0.018 | I13: ='Raw Data'!I28/100 -> 0.036 | ... M13: ='Raw Data'!M28/100 -> 0.025 | N13: =AVERAGE(B13:M13) -> 0.023666667 | O13: =_xlfn.STDEV.S(B13:M13) -> 0.019448456
A14: ='Raw Data'!A29 -> T | B14: ='Raw Data'!B29/100 -> 0.025 | C14: ='Raw Data'!C29/100 -> 0.013 | D14: ='Raw Data'!D29/100 -> 0.032 | E14: ='Raw Data'!E29/100 -> -0.009 | F14: ='Raw Data'!F29/100 -> 0.023 | G14: ='Raw Data'!G29/100 -> 0.02 | H14: ='Raw Data'!H29/100 -> 0.012 | I14: ='Raw Data'!I29/100 -> 0.022 | ... M14: ='Raw Data'!M29/100 -> 0.015 | N14: =AVERAGE(B14:M14) -> 0.01525 | O14: =_xlfn.STDEV.S(B14:M14) -> 0.011970608
A15: ='Raw Data'!A30 -> S&P 500 | B15: ='Raw Data'!B30/100 -> 0.045 | C15: ='Raw Data'!C30/100 -> 0.023 | D15: ='Raw Data'!D30/100 -> 0.058 | E15: ='Raw Data'!E30/100 -> -0.016 | F15: ='Raw Data'!F30/100 -> 0.042 | G15: ='Raw Data'!G30/100 -> 0.038 | H15: ='Raw Data'!H30/100 -> 0.02 | I15: ='Raw Data'!I30/100 -> 0.043 | ... M15: ='Raw Data'!M30/100 -> 0.028 | N15: =AVERAGE(B15:M15) -> 0.02775 | O15: =_xlfn.STDEV.S(B15:M15) -> 0.022103578
A18: SECTION 2: ANNUALIZED VOLATILITY CALCULATION
A19: Formula: Annualized Volatility = Monthly Std Dev × SQRT(12)
A21: Step 1: Calculate Portfolio Monthly Returns (Weighted Average)
A22: Portfolio weights calculated from position values in Return Calculations sheet
A23: Month | B23: Portfolio Return | C23: Formula
A24: Jan | B24: =SUMPRODUCT(B6:B15,'Return Calculations'!$F$7:$F$16)/SUM('Return Calculations'!$F$7:$F$16) -> 0.036690036 | C24: Weighted avg of B6:B15
A25: Feb | B25: =SUMPRODUCT(C6:C15,'Return Calculations'!$F$7:$F$16)/SUM('Return Calculations'!$F$7:$F$16) -> 0.020088204 | C25: Weighted avg of C6:C15
A26: Mar | B26: =SUMPRODUCT(D6:D15,'Return Calculations'!$F$7:$F$16)/SUM('Return Calculations'!$F$7:$F$16) -> 0.047977478 | C26: Weighted avg of D6:D15
A27: Apr | B27: =SUMPRODUCT(E6:E15,'Return Calculations'!$F$7:$F$16)/SUM('Return Calculations'!$F$7:$F$16) -> -0.01415486 | C27: Weighted avg of E6:E15
A28: May | B28: =SUMPRODUCT(F6:F15,'Return Calculations'!$F$7:$F$16)/SUM('Return Calculations'!$F$7:$F$16) -> 0.03446116 | C28: Weighted avg of F6:F15
A29: Jun | B29: =SUMPRODUCT(G6:G15,'Return Calculations'!$F$7:$F$16)/SUM('Return Calculations'!$F$7:$F$16) -> 0.02978929 | C29: Weighted avg of G6:G15
A30: Jul | B30: =SUMPRODUCT(H6:H15,'Return Calculations'!$F$7:$F$16)/SUM('Return Calculations'!$F$7:$F$16) -> 0.017976269 | C30: Weighted avg of H6:H15
A31: Aug | B31: =SUMPRODUCT(I6:I15,'Return Calculations'!$F$7:$F$16)/SUM('Return Calculations'!$F$7:$F$16) -> 0.034005512 | C31: Weighted avg of I6:I15
A32: Sep | B32: =SUMPRODUCT(J6:J15,'Return Calculations'!$F$7:$F$16)/SUM('Return Calculations'!$F$7:$F$16) -> -0.0098226021 | C32: Weighted avg of J6:J15
A33: Oct | B33: =SUMPRODUCT(K6:K15,'Return Calculations'!$F$7:$F$16)/SUM('Return Calculations'!$F$7:$F$16) -> 0.025484982 | C33: Weighted avg of K6:K15
A34: Nov | B34: =SUMPRODUCT(L6:L15,'Return Calculations'!$F$7:$F$16)/SUM('Return Calculations'!$F$7:$F$16) -> 0.028691767 | C34: Weighted avg of L6:L15
A35: Dec | B35: =SUMPRODUCT(M6:M15,'Return Calculations'!$F$7:$F$16)/SUM('Return Calculations'!$F$7:$F$16) -> 0.023477675 | C35: Weighted avg of M6:M15
A38: Step 2: Calculate Monthly Standard Deviation
A39: Monthly Std Dev: | B39: =_xlfn.STDEV.S(B24:B35) -> 0.018191006 | C39: =_xlfn.STDEV.S(B24:B35) -> 0.018191006
A41: Step 3: Annualize the Volatility
A42: Annualized Volatility: | B42: =B39*SQRT(12) -> 0.063015493 | C42: =B39*SQRT(12) -> 0.063015493

Sheet Sharpe Ratio
A1: SHARPE RATIO CALCULATION
A2: Risk-Adjusted Performance Measurement
A4: Formula: Sharpe Ratio = (Portfolio Return - Risk-Free Rate) / Portfolio Volatility
A6: STEP 1: CALCULATE ANNUALIZED PORTFOLIO RETURN
A7: Mean Monthly Return: | B7: =AVERAGE('Volatility Calculations'!B24:B35) -> 0.022888742 | C7: =AVERAGE(B7) -> 0.022888742
A9: Annualized Return: | B9: =POWER(1+B7,12)-1 -> 0.312021 | C9: =POWER(1+B7,12)-1 -> 0.312021
A12: STEP 2: RISK-FREE RATE
A13: Risk-Free Rate (Annual): | B13: ='Raw Data'!B32/100 -> 0 | C13: From Raw Data sheet (US T-Bill)
A16: STEP 3: CALCULATE EXCESS RETURN
A17: Excess Return: | B17: =B9-B13 -> 0.312021 | C17: =Portfolio Return - Risk-Free Rate -> #NAME?
A20: STEP 4: CALCULATE SHARPE RATIO
A21: Portfolio Volatility: | B21: ='Volatility Calculations'!B42 -> 0.063015493 | C21: From Volatility Calculations sheet
A23: SHARPE RATIO: | B23: =B17/B21 -> 4.9514967 | C23: =B17 / B21 -> 4.9514967
A25: Interpretation: Sharpe Ratio > 2.0 is considered excellent risk-adjusted performance
